Pair,Condtion,Game,X,Y,Z,Role,Success,Target,Introducer,Succ_Introducer,Participant
2,modified,1,0.3350846199219704,0.28669838897291144,0.22572557387908176,director,0,freedom,1,0,2
2,modified,2,0.0018736277344353809,0.0013522633647039112,0.00094119846853359,matcher,0,luxury,0,0,2
2,modified,3,0.006649810487498531,0.011888618773101534,0.005999009497315557,director,0,luck,1,0,2
2,modified,4,0.04987464246264671,0.0071531246985757895,0.0061422224755492754,matcher,1,freedom,0,0,2
2,modified,5,0.09052955059449722,0.18362554988586274,0.16280754050883725,director,0,war,1,0,2
2,modified,6,0.019216572973251096,0.06616417624321175,0.032114314382005085,matcher,0,luck,0,0,2
2,modified,7,0.0501376476459305,0.22973250626974942,0.13802777415178796,director,1,reality,1,1,2
2,modified,8,0.016139758803812455,0.05205899851483576,0.028785467701090302,matcher,1,death,0,0,2
2,modified,9,0.19420152910201194,0.23361575502570578,0.08212515333681795,director,0,strength,1,0,2
2,modified,10,0.06485477233306135,0.09957167952931766,0.12192023494852058,matcher,1,strength,0,0,2
2,modified,11,0.04051125232993559,0.15629770011777278,0.222856828235973,director,1,envy,1,1,2
2,modified,12,0.058015895539284136,0.07785067785400977,0.11315217660181073,matcher,1,reality,0,0,2
2,modified,13,0.0008998669786319308,0.0017069477705620902,0.000773974064230596,director,1,death,1,1,2
2,modified,14,0.01843636783467745,0.006635315804877202,0.004768530948183037,matcher,0,luck,0,0,2
2,modified,15,0.209767074805732,0.29566082443329905,0.14205560307465934,director,0,freedom,0,0,2
2,modified,16,0.033957925407990835,0.010177998570221426,0.008164246109419081,matcher,1,anger,0,0,2
2,modified,17,0.17032983687826697,0.16993374091332986,0.06999087313293276,director,1,anger,1,1,2
2,modified,18,0.02277621907806481,0.012913535224325891,0.004616132031126586,matcher,1,reality,0,0,2
2,modified,19,0.16639601090476086,0.21527206892205414,0.07434900993330303,director,1,strength,0,0,2
2,modified,20,0.0014302419515491197,0.0014790947932456304,0.001111505492271528,matcher,1,freedom,0,0,2
2,modified,21,0.051493631465336774,0.2026590525874775,0.08920066983221135,director,1,war,0,0,2
2,modified,22,0.000836834698168521,0.0010714632814270721,0.0005372451106560584,matcher,1,envy,0,0,2
2,modified,23,0.14945205318892998,0.22387672032405811,0.08664755439354509,director,1,strength,0,0,2
2,modified,24,0.01373564737901085,0.0047994935663151685,0.003546797478031546,matcher,0,envy,0,0,2
2,modified,25,0.12630347276142864,0.2432748394609534,0.1481224571635526,director,1,freedom,0,0,2
2,modified,26,0.049019956846779345,0.08458383509453289,0.06899117323184135,matcher,1,freedom,0,0,2
2,modified,27,0.0008117206891373332,0.0011782847310399024,0.0010538789457814003,director,1,death,0,0,2
2,modified,28,0.049379499672836745,0.060723141716535284,0.05665442234180656,matcher,1,fear,0,0,2
2,modified,29,0.17352747288676174,0.209983680391079,0.06462984955430501,director,1,strength,0,0,2
2,modified,30,0.00656471955907535,0.0030401496067627484,0.0022136867541711802,matcher,0,luck,0,0,2
2,modified,31,0.05313264081193648,0.1149929060747321,0.21264219008162058,director,1,envy,0,0,2
2,modified,32,0.009780820986568996,0.003852321269659852,0.002340410542138317,matcher,1,luxury,0,0,2
2,modified,33,0.03652627385747392,0.14451647694148909,0.15046966407136272,director,1,fear,1,1,2
2,modified,34,0.002384875356071924,0.0008660659834947353,0.0005474170147164457,matcher,1,luxury,0,0,2
2,modified,35,0.15117466923133838,0.15117630823470785,0.19087329306883155,director,1,freedom,0,0,2
2,modified,36,0.0033404863059110505,0.0057429150716681735,0.0007813409954609988,matcher,1,anger,0,0,2
2,modified,37,0.2136629411972485,0.09200804013221583,0.16935129271243915,director,1,luxury,1,1,2
2,modified,38,0.0011481079498746973,0.0013960470507783805,0.0006773426130129623,matcher,1,luxury,0,0,2
2,modified,39,0.12680877335757315,0.0797804333502783,0.17395110789718746,director,0,luck,0,0,2
2,modified,40,0.002239588003200809,0.0017875948979488377,0.0009128073380080421,matcher,1,war,0,0,2
2,modified,41,0.1183928633880852,0.30522231160298435,0.08737899172152823,director,1,anger,0,0,2
2,modified,42,0.004441475188235052,0.003595501971837062,0.0015581108948629831,matcher,1,freedom,0,0,2
2,modified,43,0.12129003558783165,0.17649938924502206,0.1252940604543981,director,1,war,0,0,2
2,modified,44,0.0024858208359700507,0.0013120560834371815,0.0006362041280415929,matcher,1,reality,0,0,2
2,modified,45,0.11238071878032505,0.18470774915919605,0.14611302110711388,director,1,freedom,0,0,2
2,modified,46,0.05604621993053118,0.08019660359444458,0.06978137974292707,matcher,1,fear,0,0,2
2,modified,47,0.10506871145418258,0.3529961887941336,0.086902393637108,director,1,anger,0,0,2
2,modified,48,0.01964229049905086,0.007555651323564058,0.001355888027306777,matcher,1,luxury,0,0,2
2,modified,49,0.07658969969678532,0.12357949864283344,0.2615649859759283,director,0,envy,0,0,2
2,modified,50,0.002261453165414862,0.0013247483027463828,0.0011972948358278338,matcher,1,death,0,0,2
2,modified,51,0.14310689440119814,0.37754821838610925,0.09041445329672103,director,1,anger,0,0,2
2,modified,52,0.01293839769025168,0.00481641390915439,0.002901808333790271,matcher,1,strength,0,0,2
2,modified,53,0.12146529616643105,0.1300267938647452,0.1541211985671788,director,1,freedom,0,0,2
2,modified,54,0.02936965351432202,0.0473985180090599,0.03579558254663761,matcher,0,envy,0,0,2
2,modified,55,0.19557479590735435,0.10312286007772925,0.15911471260909787,director,1,luxury,0,0,2
2,modified,56,0.0015259537832321096,0.001203813964024476,0.0007128354345572355,matcher,1,war,0,0,2
2,modified,57,0.0006608462786794822,0.0012566615104249459,0.000914045218371287,director,1,death,0,0,2
2,modified,58,0.0017982574659258844,0.0007933870226217974,0.0005893434333849417,matcher,1,fear,0,0,2
2,modified,59,0.05291358699003036,0.12898912468696092,0.22411650550977227,director,0,envy,0,0,2
2,modified,60,0.08382432791540116,0.08683432314774704,0.1352068970745799,matcher,1,luck,0,0,2
2,modified,61,0.054124005035116815,0.1484239250641744,0.18468947349584852,director,1,fear,0,0,2
2,modified,62,0.0008338532189474219,0.0007613616112866957,0.0005862608070082633,matcher,1,luxury,0,0,2
2,modified,63,0.04595993674877346,0.11945064107183774,0.2171599467077238,director,1,envy,0,0,2
2,modified,64,0.032366524425998404,0.06638624418754803,0.04823926024611245,matcher,1,luck,0,0,2
2,modified,65,0.02780276065518286,0.10398983199573958,0.18858533328061122,director,1,luck,0,0,2
2,modified,66,0.002764083431661197,0.00185950663887678,0.0010864534727690217,matcher,1,envy,0,0,2
2,modified,67,0.20352703777468056,0.11223087848946327,0.1575266703159551,director,1,luxury,0,0,2
2,modified,68,0.0007927063692853611,0.0016051029899057036,0.0008576288771122378,matcher,1,war,0,0,2
2,modified,69,0.13831277600434416,0.13008789578758503,0.12637769191294165,director,0,war,0,0,2
2,modified,70,0.010263486989158487,0.0009035913597472416,0.0009820923955905691,matcher,0,fear,0,0,2
2,modified,71,0.09973687896166374,0.14308874181526723,0.1350721930070376,director,0,war,0,0,2
2,modified,72,0.0035263069827284393,0.04418801648507198,0.021032205301671245,matcher,1,death,0,0,2
2,modified,73,0.048381224807418625,0.11179728083449904,0.15992284028950515,director,1,luck,0,0,2
2,modified,74,0.0011406710380202235,0.0012675218887103045,0.0008332019259734574,matcher,1,anger,0,0,2
2,modified,75,0.06382875884738934,0.14734297318404854,0.19190126367467022,director,0,fear,0,0,2
2,modified,76,0.061922544420868836,0.12727983314192515,0.1728638569540541,matcher,1,anger,0,0,2
3,normal,1,0.0942330137052327,0.06946317109208303,0.12521417297500728,director,0,fear,1,0,3
3,normal,2,0.011200592610504267,0.0060796527807077975,0.07227749380442643,matcher,1,anger,0,0,3
3,normal,3,0.09143986226353203,0.25445681079579274,0.06982793084753705,director,0,luck,1,0,3
3,normal,4,0.007174541083497724,0.00310757707564279,0.001779736027037985,matcher,0,fear,0,0,3
3,normal,5,0.15165285730942016,0.17622289127710905,0.12289960448296743,director,1,fear,0,0,3
3,normal,6,0.008953646617758569,0.005593086770436186,0.027879109268372164,matcher,0,death,0,0,3
3,normal,7,0.1659288286947469,0.1496355577664704,0.0811096247904007,director,0,death,1,0,3
3,normal,8,0.06586563060834336,0.19543246762424948,0.1441921088955802,matcher,1,reality,0,0,3
3,normal,9,0.1264942073073728,0.3070869306286744,0.09732451225827092,director,0,luck,0,0,3
3,normal,10,0.002443890769379825,0.0019069401946163933,0.0008692559608507474,matcher,0,strength,0,0,3
3,normal,11,0.19465389953430262,0.22558261329058535,0.05371671501743318,director,0,luxury,1,0,3
3,normal,12,0.0006930561226816762,0.0008041308602120998,0.0011572629770417028,matcher,1,war,0,0,3
3,normal,13,0.12305701491959721,0.2612961483944979,0.09574063174551864,director,1,anger,1,1,3
3,normal,14,0.0004923242164739123,0.0009462810327415769,0.0008633466343804693,matcher,0,death,0,0,3
3,normal,15,0.25802565060131905,0.19484104651394693,0.07009811033956094,director,1,reality,1,1,3
3,normal,16,0.007278619584868864,0.001140730517923272,0.003885296797187057,matcher,0,strength,0,0,3
3,normal,17,0.20748178494531774,0.21048824991283194,0.040868574020876194,director,0,envy,1,0,3
3,normal,18,0.0004932302699362444,0.0005229914656577535,0.00032550043391790627,matcher,0,freedom,0,0,3
3,normal,19,0.22703014171067706,0.248510438194932,0.050504366508799366,director,0,freedom,1,0,3
3,normal,20,0.0004188802293637025,0.0007363542805687427,0.000717383478274815,matcher,0,luck,0,0,3
3,normal,21,0.23874781516598517,0.18872950055833648,0.04139975797111916,director,1,reality,0,0,3
3,normal,22,0.0012500178759322596,0.00126715661872965,0.0011038131221667925,matcher,1,fear,0,0,3
3,normal,23,0.17860253288441091,0.2378205648134818,0.1074608562859451,director,0,luck,0,0,3
3,normal,24,0.0011318499269007852,0.0010029831553253505,0.0005687828599703622,matcher,1,death,0,0,3
3,normal,25,0.2567911862079803,0.29425318014262464,0.06386620662792716,director,0,war,1,0,3
3,normal,26,0.0005025430973845424,0.000530049903733443,0.000526881432109977,matcher,0,freedom,0,0,3
3,normal,27,0.14165078989827432,0.20798531151653635,0.09788138305126319,director,0,luck,0,0,3
3,normal,28,0.0007818116205534993,0.00247215136466894,0.0009970535292302787,matcher,0,luck,0,0,3
3,normal,29,0.13134074535957718,0.300626311024942,0.06311532928684953,director,1,strength,1,1,3
3,normal,30,0.0007473931889290748,0.0011188050755346552,0.0011174424697477962,matcher,0,reality,0,0,3
3,normal,31,0.1088893331975303,0.20855033752912697,0.11569668187195728,director,1,anger,0,0,3
3,normal,32,0.0006474926370556571,0.000768774093833333,0.00038773809251097847,matcher,1,fear,0,0,3
3,normal,33,0.07971513277570796,0.20686648330943103,0.14919412205957158,director,1,anger,0,0,3
3,normal,34,0.0010341548509610972,0.0010546456227196969,0.0006165055733249016,matcher,0,reality,0,0,3
3,normal,35,0.2201679528269185,0.27665704327683227,0.09630643732572589,director,0,freedom,0,0,3
3,normal,36,0.004621585516993862,0.0026287364597883224,0.003136751060041802,matcher,1,strength,0,0,3
3,normal,37,0.06246279596908526,0.26328739498346254,0.16533610213029676,director,1,anger,0,0,3
3,normal,38,0.0002804699383312584,0.000619894595182911,0.0004323017820190181,matcher,1,war,0,0,3
3,normal,39,0.056295331849295895,0.1619838329944093,0.09431909890196885,director,1,fear,0,0,3
3,normal,40,0.034313701598031446,0.10059483637515806,0.04049559139267105,matcher,0,envy,0,0,3
3,normal,41,0.2247237950207149,0.3047497046817792,0.09969578494280477,director,1,freedom,0,0,3
3,normal,42,0.0046369667417631355,0.0034246619898258258,0.0010687388935600123,matcher,1,war,0,0,3
3,normal,43,0.1289532716221946,0.22003827873748957,0.09410078456314029,director,0,envy,0,0,3
3,normal,44,0.00045681977486831715,0.0006854051312937128,0.0002973017016588257,matcher,0,luck,0,0,3
3,normal,45,0.06702003599197208,0.23194597210115941,0.16660664348521398,director,0,anger,0,0,3
6,normal,0,0.07134614685268674,0.1605043642311053,0.119857240765639,director,0,reality,1,0,6
6,normal,1,0.024452569892057824,0.026766300970415366,0.024810005520803625,matcher,0,anger,0,0,6
6,normal,2,0.14026851894371745,0.20720058807973857,0.053200821392438896,director,1,freedom,1,1,6
6,normal,3,0.022405890894497873,0.023179267937110084,0.004151595583870089,matcher,1,luck,0,0,6
6,normal,4,0.13922755645876886,0.236710032656634,0.07604304180174787,director,1,freedom,0,0,6
6,normal,5,0.00859771756069626,0.0016713578509550968,0.003015704147898363,matcher,1,fear,0,0,6
6,normal,6,0.15031648888337876,0.145198228268132,0.0549871066322018,director,1,death,1,1,6
6,normal,7,0.014427802441044543,0.03239576007090266,0.002533252346336224,matcher,0,anger,0,0,6
6,normal,8,0.24055670807192242,0.20736056571554923,0.14111812104619542,director,0,war,1,0,6
6,normal,9,0.012216304535314077,0.028110862993867978,0.014541998165142895,matcher,1,anger,0,0,6
6,normal,10,0.24223005175155615,0.18355129897285055,0.16226691477304578,director,0,fear,1,0,6
6,normal,11,0.016439480105940204,0.01807315775454573,0.00728583101849521,matcher,0,luxury,0,0,6
6,normal,12,0.2038465236996659,0.10319858836064161,0.08815229368829418,director,0,war,0,0,6
6,normal,13,0.007720921461131458,0.0019238290783284622,0.0010114995332880829,matcher,1,reality,0,0,6
6,normal,14,0.17324640640220684,0.13183972491482804,0.09641318808926286,director,0,strength,1,0,6
6,normal,15,0.0037319141010917012,0.001222169108904061,0.0010742057255846652,matcher,1,fear,0,0,6
6,normal,16,0.1480511917500232,0.16811210037377863,0.08614462261103951,director,1,fear,0,0,6
6,normal,17,0.0054561217797918496,0.0030811526132136623,0.0010560539575809405,matcher,0,envy,0,0,6
6,normal,18,0.1266323510492912,0.09738387678411095,0.09670703886681385,director,1,envy,1,1,6
6,normal,19,0.0030803377805792656,0.0026946913484738157,0.001143992778760951,matcher,0,luxury,0,0,6
6,normal,20,0.13183718957745608,0.0892815028192639,0.10759414485267813,director,1,strength,0,0,6
6,normal,21,0.004522679571136948,0.0017750156646253843,0.0016769290948312225,matcher,1,reality,0,0,6
6,normal,22,0.10655009080956661,0.1367305015178222,0.11374518618515317,director,1,luck,1,1,6
6,normal,23,0.0024122550383909045,0.0025046368937142426,0.0008659423012337071,matcher,1,freedom,0,0,6
6,normal,24,0.13089548685832855,0.1388652162142904,0.1187024134699439,director,1,strength,0,0,6
6,normal,25,0.011122999355309122,0.016938314472578597,0.0008169369995241219,matcher,1,strength,0,0,6
6,normal,26,0.16668084524482688,0.15180837747592643,0.10900505996816413,director,1,reality,0,0,6
6,normal,27,0.005560038085942868,0.0022577117798896003,0.0008906517359068601,matcher,0,war,0,0,6
6,normal,28,0.03268627883996206,0.13965809394862144,0.09487259667707018,director,1,anger,1,1,6
6,normal,29,0.0072916993710137315,0.0048238212957134275,0.0018643629064724705,matcher,1,luck,0,0,6
6,normal,30,0.0975940905157934,0.12079417524589227,0.07070148237984458,director,1,fear,0,0,6
6,normal,31,0.03560489455197567,0.02567213095137681,0.0032917270008424445,matcher,0,freedom,0,0,6
6,normal,32,0.1516856352409685,0.22942702057909872,0.09345956828174812,director,1,freedom,0,0,6
6,normal,33,0.003610998620840481,0.001382280660130854,0.0004146952307975515,matcher,1,fear,0,0,6
6,normal,34,0.13792446858633076,0.22373930850286847,0.08875266555305465,director,1,luck,0,0,6
6,normal,35,0.013324154361802676,0.017364835567982375,0.0021202732692524014,matcher,1,war,0,0,6
6,normal,36,0.18797330380291477,0.1575887676749758,0.08427496609551789,director,1,war,0,0,6
6,normal,37,0.014135449266724309,0.02593645432932855,0.0036940443780072805,matcher,1,reality,0,0,6
6,normal,38,0.16598197533601697,0.17371287009318143,0.08504535193021145,director,1,luxury,1,1,6
6,normal,39,0.005495615834821903,0.002513551818306306,0.0009163648584071735,matcher,0,envy,0,0,6
6,normal,40,0.14940054502530647,0.1381967376312409,0.11116472170616665,director,1,strength,0,0,6
6,normal,41,0.010531790642369008,0.026617108397465318,0.0015696668110401326,matcher,1,envy,0,0,6
6,normal,42,0.045838070850169055,0.16936556339920536,0.09016831217846247,director,1,anger,0,0,6
6,normal,43,0.0020668091351896496,0.0023164599671865547,0.0008507691824103897,matcher,1,strength,0,0,6
6,normal,44,0.148098375946047,0.17082162710482973,0.11292586634003592,director,1,strength,0,0,6
6,normal,45,0.011390661338580087,0.026902940448358323,0.000766760726109357,matcher,1,luck,0,0,6
6,normal,46,0.16383119531044305,0.1913777114835877,0.08056465559542683,director,1,fear,0,0,6
6,normal,47,0.0013390313802597242,0.0009381200556623381,0.0007905641133513245,matcher,1,envy,0,0,6
6,normal,48,0.15998892968915795,0.2361862625028075,0.10077944269883962,director,1,luck,0,0,6
6,normal,49,0.0012816330005006157,0.000842148265353215,0.000472393315800169,matcher,1,strength,0,0,6
6,normal,50,0.15722688920968197,0.10576642378245747,0.09882026060282482,director,1,envy,0,0,6
6,normal,51,0.00222743000435813,0.0013643602007151702,0.0007978675691511941,matcher,1,envy,0,0,6
6,normal,52,0.1282926637337337,0.1509994881200091,0.07488111056272422,director,1,death,0,0,6
6,normal,53,0.002073940544291416,0.0009099784811380444,0.000697081666136835,matcher,1,strength,0,0,6
6,normal,54,0.14288819874423808,0.1613292278920808,0.08560658135757054,director,1,death,0,0,6
6,normal,55,0.00162372376039287,0.0009082832214936824,0.0004319231615051213,matcher,1,envy,0,0,6
6,normal,56,0.027844565057718814,0.14216387615897358,0.09579325708122922,director,0,anger,0,0,6
10,normal,0,0.11056283995724506,0.3149161876395985,0.07474405039188026,director,1,luck,1,0,10
10,normal,1,0.04697503283668077,0.06791557162311598,0.017142283540156844,matcher,1,reality,0,0,10
10,normal,2,0.19509368247776304,0.17213780546083776,0.11575323748292814,director,1,strength,1,1,10
10,normal,3,0.006627829971611457,0.004329874561838037,0.0017442127733638517,matcher,0,envy,0,0,10
10,normal,4,0.13947828243896143,0.16324150941338117,0.12983767354107378,director,1,envy,1,1,10
10,normal,5,0.02265346337549161,0.01155916904974359,0.016060854628565605,matcher,0,war,0,0,10
10,normal,6,0.17655519490113408,0.21321156544043787,0.06460959360659436,director,1,luxury,1,1,10
10,normal,7,0.0038339603399940607,0.002145201365547678,0.0013254372278170244,matcher,0,strength,0,0,10
10,normal,8,0.08987332541264986,0.198772692382791,0.10103205806216281,director,0,fear,1,0,10
10,normal,9,0.02217444483746673,0.009402956817405854,0.009980417732110381,matcher,1,war,0,0,10
10,normal,10,0.16140338815639307,0.17750250567719655,0.09851241203798654,director,0,death,1,0,10
10,normal,11,0.003257496031890288,0.006248301655579179,0.003585913752966251,matcher,1,death,0,0,10
10,normal,12,0.1502357626967169,0.3454306162485599,0.13668833563615662,director,1,death,0,0,10
10,normal,13,0.007595185662370899,0.0023096674058976237,0.00123098098289283,matcher,0,war,0,0,10
10,normal,14,0.06397598891386701,0.2524068404040249,0.11049935134869758,director,1,envy,0,0,10
10,normal,15,0.013853168907130689,0.0026215716428524345,0.0037819841006596746,matcher,0,strength,0,0,10
10,normal,16,0.18889341354876854,0.33018134170198987,0.07665428281651965,director,0,anger,1,0,10
10,normal,17,0.007082449207068202,0.004653523757862005,0.0024498619644060223,matcher,1,luck,0,0,10
10,normal,18,0.07493617062260459,0.3120542182972558,0.1613414105779195,director,1,envy,0,0,10
10,normal,19,0.00975677263835091,0.002651190555754388,0.0014316766794026682,matcher,1,war,0,0,10
10,normal,20,0.1038747413106631,0.33371389380344585,0.15161499487355287,director,1,envy,0,0,10
10,normal,21,0.007230346833924528,0.004921157045259482,0.0037482599801291357,matcher,1,anger,0,0,10
10,normal,22,0.20082362824957037,0.24248044563984103,0.07557945645993522,director,1,reality,1,1,10
10,normal,23,0.013014093184293465,0.018115512680209767,0.004853240199365899,matcher,1,luck,0,0,10
10,normal,24,0.16551442683299514,0.14911227460969112,0.10376073863218532,director,1,war,1,1,10
10,normal,25,0.009393877451401172,0.014272227405612277,0.0030820910204531,matcher,1,luck,0,0,10
10,normal,26,0.20548270020525228,0.4471404989364127,0.05847472840010068,director,1,freedom,1,1,10
10,normal,27,0.06195466154916817,0.08789917329089009,0.05449192113923218,matcher,1,fear,0,0,10
10,normal,28,0.19348123819861485,0.381399064686504,0.06611070065161948,director,1,luck,0,0,10
10,normal,29,0.008381844433231096,0.006415848179847044,0.004223292378920383,matcher,1,fear,0,0,10
10,normal,30,0.07164412241535859,0.26107684727245456,0.1602965221603338,director,1,envy,0,0,10
10,normal,31,0.01096042142895819,0.01977191944026697,0.00522261326698304,matcher,1,luck,0,0,10
10,normal,32,0.08882055059650552,0.29729808126537266,0.15418958939874872,director,1,envy,0,0,10
10,normal,33,0.014356483394469733,0.006801800484414327,0.0026919104569459195,matcher,1,war,0,0,10
10,normal,34,0.08882408461076252,0.31260498640648043,0.13294810048060637,director,1,envy,0,0,10
10,normal,35,0.011108620330799117,0.011239522269952382,0.002742677612427791,matcher,1,anger,0,0,10
10,normal,36,0.2889167680652917,0.3434696386784254,0.07293513537031579,director,1,reality,0,0,10
10,normal,37,0.010446216194852689,0.002452103859204444,0.0017989273381214385,matcher,1,luck,0,0,10
10,normal,38,0.20964229276077984,0.2769382199979507,0.19312936696887642,director,0,anger,0,0,10
10,normal,39,0.01721010685453633,0.01035442999330266,0.007285072616115137,matcher,1,freedom,0,0,10
10,normal,40,0.2237121688881387,0.4416005202607082,0.06271642334028905,director,1,reality,0,0,10
10,normal,41,0.014285096437756743,0.01625791837396486,0.022237448007077804,matcher,1,freedom,0,0,10
10,normal,42,0.23773151596005787,0.34012520196357987,0.08168500047276862,director,1,reality,0,0,10
10,normal,43,0.0031354940383698676,0.007314729784554417,0.0008261650927472717,matcher,1,luck,0,0,10
10,normal,44,0.20169837158918633,0.20388100699954972,0.04034615553535204,director,0,fear,0,0,10
10,normal,45,0.00616152828722972,0.007799980358415296,0.003124727292570793,matcher,1,strength,0,0,10
10,normal,46,0.142116774388856,0.33074485173079626,0.15403722498595537,director,0,strength,0,0,10
10,normal,47,0.006768542127567095,0.011732755177660058,0.0022195858778868006,matcher,1,death,0,0,10
10,normal,48,0.16075094695118297,0.329307573409472,0.19605578838280288,director,1,death,0,0,10
10,normal,49,0.02147830398660227,0.07573476024492222,0.014125963331872805,matcher,1,freedom,0,0,10
10,normal,50,0.06469420916434994,0.43608449271038313,0.07375703966944325,director,1,luck,0,0,10
10,normal,51,0.004748069277052192,0.004362762775317899,0.0011901342699824902,matcher,1,death,0,0,10
10,normal,52,0.24195291056347812,0.40468483465098776,0.07578874146269018,director,0,luxury,0,0,10
10,normal,53,0.011773590744292104,0.012705170958080247,0.004169455842838126,matcher,1,strength,0,0,10
10,normal,54,0.10975293737810557,0.4208383786298813,0.06532000405129994,director,1,luck,0,0,10
10,normal,55,0.01915836472765847,0.013484644901684942,0.0038398050381239705,matcher,1,anger,0,0,10
10,normal,56,0.08199089394888687,0.3805018005063826,0.04314794346805332,director,1,death,0,0,10
10,normal,57,0.011228622735406172,0.013354831002362528,0.004030920129926455,matcher,1,luxury,0,0,10
10,normal,58,0.19335635950775132,0.2591748770444997,0.17497429304761955,director,1,anger,0,0,10
10,normal,59,0.008603203005083193,0.0023250786040329473,0.0028552061662855325,matcher,1,luck,0,0,10
10,normal,60,0.0950125307224318,0.32350439599601855,0.05732488643256311,director,1,death,0,0,10
10,normal,61,0.008272465188970374,0.006166632629553469,0.002033625424029941,matcher,1,reality,0,0,10
10,normal,62,0.10528191496781059,0.4741085305105157,0.055480117767313854,director,1,luck,0,0,10
10,normal,63,0.0015286260463392,0.0023023881379557803,0.0009600099053720722,matcher,1,luxury,0,0,10
10,normal,64,0.05589490049181282,0.2589383321621219,0.060706075609450814,director,1,fear,0,0,10
10,normal,65,0.003209374317703559,0.001853357479689508,0.0007952460447876098,matcher,1,anger,0,0,10
10,normal,66,0.190588093160776,0.22440883277172263,0.07793153484567387,director,1,war,0,0,10
10,normal,67,0.005747883912765423,0.009603095895398327,0.0034712349268036613,matcher,1,luck,0,0,10
10,normal,68,0.0656923800425563,0.24683479776067904,0.025195771163006437,director,1,fear,0,0,10
10,normal,69,0.011348323370974696,0.002256878208242555,0.0014155014738047832,matcher,0,strength,0,0,10
10,normal,70,0.19813611685282287,0.25705260911203914,0.06375645542368197,director,1,war,0,0,10
10,normal,71,0.006258830715983878,0.0019817051457087353,0.0008297517140954333,matcher,0,freedom,0,0,10
10,normal,72,0.1166151330022645,0.32905639682695115,0.1646753819404796,director,0,envy,0,0,10
12,normal,0,0.10075317858960892,0.16052061970060597,0.10798760703510077,director,0,freedom,1,0,12
12,normal,1,0.025537982351243278,0.008572408733211162,0.007080778710981529,matcher,0,luxury,0,0,12
12,normal,2,0.10648903770581856,0.21892781239243453,0.121080279135323,director,0,reality,1,0,12
12,normal,3,0.07656590279035397,0.23198859999142551,0.11620712488299066,matcher,1,luck,0,0,12
12,normal,4,0.11463172820948453,0.11333270432763463,0.05749480067274928,director,0,reality,0,0,12
12,normal,5,0.08160920000864014,0.23005651362051457,0.10537065483470448,matcher,1,luck,0,0,12
12,normal,6,0.19544994859379022,0.20655355161965167,0.09740247444399393,director,1,luxury,1,1,12
12,normal,7,0.03881654984032355,0.13589678796532542,0.05849769035176635,matcher,0,envy,0,0,12
12,normal,8,0.08688533550271174,0.17315573681513982,0.13449972216699926,director,1,strength,1,1,12
12,normal,9,0.022818853250918078,0.09664920388522004,0.016787463007963573,matcher,1,luck,0,0,12
12,normal,10,0.1601694627608149,0.19733791982009005,0.081143004833181,director,1,death,1,1,12
12,normal,11,0.02729975349397151,0.09694891120083482,0.03041244325133981,matcher,1,reality,0,0,12
12,normal,12,0.13031190333430298,0.1636855027288046,0.06105885283815524,director,0,freedom,0,0,12
12,normal,13,0.005471614315799294,0.004699353633488816,0.0032148282563216456,matcher,1,freedom,0,0,12
12,normal,14,0.10026136676151647,0.15835584413416934,0.06443723196600913,director,0,fear,1,0,12
12,normal,15,0.060297509674095535,0.23919793110701126,0.13748961099221077,matcher,1,freedom,0,0,12
12,normal,16,0.19760857485187538,0.26040839480317923,0.07824987797254548,director,1,freedom,0,0,12
12,normal,17,0.002744697169730255,0.0026010030149584305,0.0015880272816004388,matcher,1,luck,0,0,12
12,normal,18,0.1610196026935507,0.30083885647981,0.055349671319081556,director,0,freedom,0,0,12
12,normal,19,0.01337587882633154,0.0034719559247216795,0.0016058110092393842,matcher,1,luxury,0,0,12
12,normal,20,0.22885512350004025,0.26860619811376524,0.05243604466335907,director,1,death,0,0,12
12,normal,21,0.04663646828495526,0.2312605950121496,0.07595851287322382,matcher,1,war,0,0,12
12,normal,22,0.16185741967375827,0.1328359969803147,0.11076199152466387,director,1,reality,0,0,12
12,normal,23,0.061446411454012737,0.161697643445544,0.062360223229178884,matcher,1,envy,0,0,12
12,normal,24,0.1460138277225988,0.20521561736410718,0.0540180410992945,director,0,fear,0,0,12
12,normal,25,0.002900892421736431,0.00936675504233043,0.004231678314886154,matcher,1,luxury,0,0,12
12,normal,26,0.11322271597078268,0.24098117339633549,0.09087991415460069,director,1,luck,1,1,12
12,normal,27,0.0014883890033681234,0.001730717004685122,0.0010267796677843975,matcher,1,strength,0,0,12
12,normal,28,0.1484860577489116,0.245405379129394,0.06915178247693657,director,1,luxury,0,0,12
12,normal,29,0.005523549275970272,0.006702663583141572,0.0024638324222907124,matcher,1,luck,0,0,12
12,normal,30,0.15457460666674,0.24005321278577824,0.07202434857817994,director,1,luxury,0,0,12
12,normal,31,0.07864893560097304,0.1941408750655728,0.0954907119942912,matcher,1,reality,0,0,12
12,normal,32,0.11599066038814923,0.13296359358397938,0.08936778102952427,director,1,war,1,1,12
12,normal,33,0.051201263773508976,0.20291860911702775,0.07348902275805558,matcher,1,strength,0,0,12
12,normal,34,0.20822301500665197,0.22542834788135657,0.06706149502634312,director,1,death,0,0,12
12,normal,35,0.008773179236376239,0.006024436992846216,0.004368240501074448,matcher,1,envy,0,0,12
12,normal,36,0.070238537819657,0.13300978656833679,0.10314957963206069,director,1,strength,0,0,12
12,normal,37,0.007565891561029121,0.005579534895554424,0.004211264962720774,matcher,1,war,0,0,12
12,normal,38,0.17408800594314355,0.16492798915063514,0.09691327433669741,director,1,war,0,0,12
12,normal,39,0.03667136844135477,0.14637563136454962,0.05421348696239535,matcher,1,luxury,0,0,12
12,normal,40,0.21937550442235035,0.1980060537471083,0.11952460551485426,director,1,freedom,0,0,12
12,normal,41,0.054068425797631305,0.1944296391811368,0.11026187780950157,matcher,1,anger,0,0,12
12,normal,42,0.17724839820351265,0.19024860640149627,0.11776761293607486,director,1,reality,0,0,12
12,normal,43,0.04416207485665906,0.11113133173261197,0.05534715074042124,matcher,1,fear,0,0,12
12,normal,44,0.17575884314715423,0.20629565464297397,0.05802259813116156,director,1,death,0,0,12
12,normal,45,0.0025297178130590336,0.0023507808335203975,0.0014190093011813658,matcher,1,envy,0,0,12
12,normal,46,0.10570508497863985,0.15090518492856753,0.11163837415051041,director,1,strength,0,0,12
12,normal,47,0.011310060878216198,0.0020035737629960334,0.003560329445491749,matcher,1,strength,0,0,12
12,normal,48,0.18876899561622038,0.250682074507821,0.10237458441764663,director,1,freedom,0,0,12
12,normal,49,0.010477668576534893,0.0023059349671117773,0.005194416646087394,matcher,1,envy,0,0,12
12,normal,50,0.23879250425272086,0.21802846505232723,0.09144655145487832,director,0,freedom,0,0,12
13,modified,0,0.21983422702972896,0.2729141566124338,0.1438699756112099,director,0,anger,1,0,13
13,modified,1,0.016009895899020483,0.01526786822916678,0.009750395610436403,matcher,0,reality,0,0,13
13,modified,2,0.17999699401765556,0.2744629589401215,0.07479062754981908,director,0,envy,1,0,13
13,modified,3,0.0178055468651534,0.14673554886901707,0.08238346052516338,matcher,1,fear,0,0,13
13,modified,4,0.35118599901412284,0.23383728297105008,0.11021633698253913,director,1,death,1,1,13
13,modified,5,0.02970598078750149,0.007414936041329751,0.008507659905778644,matcher,0,death,0,0,13
13,modified,6,0.12266664046120919,0.21842323713643805,0.10765562824854541,director,0,reality,1,0,13
13,modified,7,0.0433704632406704,0.022128281402956636,0.007211751626779857,matcher,0,luck,0,0,13
13,modified,8,0.3986069202788159,0.219650984505466,0.19783747471268834,director,0,freedom,1,0,13
13,modified,9,0.007082742731014816,0.0396674609439483,0.012052830066154593,matcher,1,strength,0,0,13
13,modified,10,0.1625120812166746,0.29771977736089006,0.070768397386319,director,1,luxury,1,1,13
13,modified,11,0.0388928608981345,0.0042088280272362015,0.016220347854106826,matcher,0,luxury,0,0,13
13,modified,12,0.17466046768692312,0.1978441498289762,0.03962374641322393,director,1,envy,0,0,13
13,modified,13,0.03516345608528728,0.04253343393072161,0.02358053016601086,matcher,0,strength,0,0,13
13,modified,14,0.21722673895937733,0.26245580391362977,0.11221363869036917,director,0,luxury,0,0,13
13,modified,15,0.010347512429983604,0.015286490944440356,0.006261023315090199,matcher,0,war,0,0,13
13,modified,16,0.030061204238692518,0.24959720332825505,0.13174280094454308,director,1,war,1,1,13
13,modified,17,0.010317377814034844,0.0014213839466587325,0.0034090906626010067,matcher,0,envy,0,0,13
13,modified,18,0.28748629367601686,0.23044050809950428,0.13696727982719323,director,1,death,0,0,13
13,modified,19,0.01591894619734979,0.004165251589802075,0.0012924262733148932,matcher,1,reality,0,0,13
13,modified,20,0.32360285030708047,0.3211073702745872,0.28934341467070457,director,1,luck,1,1,13
13,modified,21,0.007424409280017111,0.008848253339281574,0.0067284268020617955,matcher,0,war,0,0,13
13,modified,22,0.28585335642302945,0.23979127763281372,0.30415491938335276,director,1,fear,1,1,13
13,modified,23,0.0034966278451728345,0.0025165965994099816,0.002043267466522959,matcher,0,freedom,0,0,13
13,modified,24,0.2790730836570167,0.2140853190664935,0.19685306901890132,director,1,reality,0,0,13
13,modified,25,0.012154342357338012,0.003469199477235972,0.002486081266929539,matcher,1,freedom,0,0,13
13,modified,26,0.2850399550975447,0.30138782783848866,0.12579739437625392,director,0,death,0,0,13
13,modified,27,0.00299500895959182,0.004367932465727698,0.0023810692317248654,matcher,1,freedom,0,0,13
13,modified,28,0.3054031208148154,0.24861773382364455,0.18925647376694985,director,1,death,0,0,13
13,modified,29,0.003471662018382968,0.01019450865654213,0.005475017427605459,matcher,1,anger,0,0,13
13,modified,30,0.2338651826638585,0.3700533362077093,0.14957178404024962,director,1,death,0,0,13
13,modified,31,0.002192843409294109,0.0017927097048713167,0.002526759477992428,matcher,0,luxury,0,0,13
13,modified,32,0.4800828093165317,0.3932100197307296,0.30734323695420657,director,1,freedom,0,0,13
13,modified,33,0.002661207912001199,0.0033973062929712325,0.001954651943056355,matcher,0,war,0,0,13
13,modified,34,0.26097525563305046,0.26404918023501067,0.26065006609944047,director,1,fear,0,0,13
13,modified,35,0.003991828545136139,0.0016444795884962577,0.00353542855922445,matcher,0,envy,0,0,13
13,modified,36,0.2303985717916008,0.22933679452230835,0.03476056291434281,director,1,envy,0,0,13
13,modified,37,0.00494936090331311,0.007417962128208626,0.004740028612117732,matcher,0,luck,0,0,13
14,normal,1,0.1043254863954131,0.1414166753371953,0.03735360930875334,director,0,luxury,1,0,14
14,normal,2,0.005134498979495881,0.0016126570481440614,0.0013748609420811873,matcher,0,luxury,0,0,14
14,normal,3,0.08138543513927819,0.14621421623200054,0.03263626611657218,director,1,luxury,0,0,14
14,normal,4,0.011292769667042504,0.02630018079131382,0.012255658467531214,matcher,1,envy,0,0,14
14,normal,5,0.09162226968025655,0.19852035809743399,0.04328489222085902,director,1,death,1,1,14
14,normal,6,0.002093324341280294,0.0009001979519965549,0.0009359066842463728,matcher,1,death,0,0,14
14,normal,7,0.12539678449739378,0.17535316708395546,0.043382913130101786,director,1,freedom,1,1,14
14,normal,8,0.02217741804728868,0.012235558462356834,0.005964291692515511,matcher,1,war,0,0,14
14,normal,9,0.06612490082466506,0.10725815565729138,0.09020695889689284,director,1,fear,1,1,14
14,normal,10,0.03165967515489741,0.06296955299106677,0.024064392017652727,matcher,1,freedom,0,0,14
14,normal,11,0.1883939899272682,0.17090671712969,0.046210055416331046,director,0,envy,1,0,14
14,normal,12,0.008343338618651866,0.0016535190348879283,0.0029124915841513993,matcher,1,luxury,0,0,14
14,normal,13,0.10130713886953518,0.20946991331456966,0.055333436719903754,director,1,death,0,0,14
14,normal,14,0.009201935160455435,0.005472020945566504,0.003402455554056768,matcher,1,luck,0,0,14
14,normal,15,0.13355692900311106,0.21029810374049132,0.054605569533832346,director,1,freedom,0,0,14
14,normal,16,0.00239972154259191,0.0008928546345482553,0.0008418633283340284,matcher,1,death,0,0,14
14,normal,17,0.1322694872139766,0.15540885077332833,0.04451634303206288,director,0,envy,0,0,14
14,normal,18,0.008350174505102191,0.007028535196973252,0.0030134490817260093,matcher,1,freedom,0,0,14
14,normal,19,0.053509761970564416,0.14596447337102633,0.04118294375843433,director,1,luxury,0,0,14
14,normal,20,0.008430623733555423,0.0016047196721472408,0.002111024848636918,matcher,1,freedom,0,0,14
14,normal,21,0.09218677037909197,0.15118321837514026,0.050764219091350635,director,1,anger,1,1,14
14,normal,22,0.001697934674584644,0.001334862036837611,0.0005176533497610438,matcher,1,luck,0,0,14
14,normal,23,0.10091165560668298,0.15841168776219844,0.050760632526921215,director,1,reality,1,1,14
14,normal,24,0.0008344499874582268,0.0008141204556974856,0.0004015847232732628,matcher,1,luck,0,0,14
14,normal,25,0.08194923134634749,0.09920060460589432,0.08715897261634617,director,1,fear,0,0,14
14,normal,26,0.00409763367528749,0.002555587097728929,0.0019123504963315492,matcher,1,luck,0,0,14
14,normal,27,0.17990117808887887,0.17877169300686366,0.056285835109835564,director,0,strength,1,0,14
14,normal,28,0.005806966794898369,0.0011164295395308607,0.0015260492764624931,matcher,1,luck,0,0,14
14,normal,29,0.06513002726145223,0.0650349754687272,0.058738487077291575,director,1,fear,0,0,14
14,normal,30,0.003557713754337323,0.001295816625351432,0.0008952450305692426,matcher,1,luxury,0,0,14
14,normal,31,0.10860890195468431,0.1779057649846577,0.050935914831946975,director,1,luck,1,1,14
14,normal,32,0.006250344327987698,0.0011659334886739532,0.00073565530133253,matcher,1,envy,0,0,14
14,normal,33,0.10547575156788198,0.2269300273129838,0.06400393214943993,director,1,death,0,0,14
14,normal,34,0.07118076117293906,0.06989075916095398,0.045421132307918305,matcher,1,freedom,0,0,14
14,normal,35,0.17074311577302614,0.10158960678587993,0.039315226114330463,director,0,envy,0,0,14
14,normal,36,0.01432616044700142,0.0028342666051229116,0.0020340264185010576,matcher,1,luxury,0,0,14
14,normal,37,0.1423011914509361,0.23338598894245793,0.0698064952067077,director,1,reality,0,0,14
14,normal,38,0.018962040240133513,0.0039306058064225245,0.003391224646902758,matcher,1,reality,0,0,14
14,normal,39,0.12369783101180064,0.21865175066539871,0.05824322883390246,director,1,reality,0,0,14
14,normal,40,0.005821975694513728,0.0013853062934623133,0.0013369333447551227,matcher,1,freedom,0,0,14
14,normal,41,0.0990631367257324,0.18902027975897323,0.05034142795135705,director,1,freedom,0,0,14
14,normal,42,0.0018970174946199984,0.0013572392260769064,0.0006774030877417156,matcher,1,luck,0,0,14
14,normal,43,0.10577428470949099,0.23493292797775972,0.06868269992619931,director,1,freedom,0,0,14
14,normal,44,0.011258674842067972,0.002000791077657191,0.003195271204980027,matcher,1,fear,0,0,14
14,normal,45,0.09559123691220227,0.20118197284937586,0.06798965233730415,director,1,freedom,0,0,14
14,normal,46,0.018880251505236572,0.025257986702221864,0.008034369175713985,matcher,1,fear,0,0,14
14,normal,47,0.17794174013324504,0.2904414469295272,0.07866293895161205,director,1,reality,0,0,14
14,normal,48,0.015436018067014261,0.01548988296918419,0.003499227360090533,matcher,1,luck,0,0,14
14,normal,49,0.09740764140767294,0.21854827922683592,0.06901008894295073,director,1,freedom,0,0,14
14,normal,50,0.001423317775336711,0.0006376396630980341,0.0004985481909729406,matcher,1,strength,0,0,14
14,normal,51,0.14718713570726386,0.22753283818800224,0.07668602534131909,director,1,reality,0,0,14
14,normal,52,0.0019630207578631605,0.0012659541131568768,0.0008414182219467417,matcher,1,luxury,0,0,14
14,normal,53,0.049668610645837795,0.15078760785731535,0.04350913814853108,director,1,strength,0,0,14
14,normal,54,0.0018734228804712265,0.0008221634026652702,0.0008805379484130766,matcher,1,envy,0,0,14
14,normal,55,0.08058241374593594,0.1541071617782384,0.04305751971434202,director,1,luck,0,0,14
14,normal,56,0.0031419593345689326,0.0011212717339695783,0.0006475990490161302,matcher,1,fear,0,0,14
14,normal,57,0.024263961646414995,0.06975992261498914,0.04291413365495229,director,1,anger,0,0,14
14,normal,58,0.0011130053506364628,0.0007823941435903595,0.0003227707189700338,matcher,1,reality,0,0,14
14,normal,59,0.0866501054292508,0.19519172724769004,0.07340793843089892,director,0,luxury,0,0,14
18,modified,0,0.06841132518727203,0.10175555288001473,0.054171485363157676,director,1,anger,1,0,18
18,modified,1,0.033284650639915626,0.03809825340420959,0.017729992776410818,matcher,0,death,0,0,18
18,modified,2,0.1510400516508491,0.1380068755346424,0.0743730926273492,director,0,reality,1,0,18
18,modified,3,0.015448036569022496,0.018354227866282193,0.006848760146644666,matcher,1,death,0,0,18
18,modified,4,0.1607847195325473,0.15044090411714298,0.09006287355566202,director,0,reality,0,0,18
18,modified,5,0.011404146424846022,0.06627258454044094,0.013568255718803284,matcher,0,strength,0,0,18
18,modified,6,0.10260961855718033,0.22080465071964733,0.09362801156970271,director,1,anger,0,0,18
18,modified,7,0.07568017468055614,0.2611443489317749,0.19853867493722271,matcher,1,anger,0,0,18
18,modified,8,0.038451306757006004,0.10881202462306452,0.0314969213432046,director,1,fear,1,1,18
18,modified,9,0.00367367762556538,0.0063795462372663704,0.0035044961187331893,matcher,1,death,0,0,18
18,modified,10,0.17166363061791567,0.20858128898254868,0.0929648670803608,director,1,war,1,1,18
18,modified,11,0.00985720345264367,0.0017912015324328138,0.0015235460166779736,matcher,0,luck,0,0,18
18,modified,12,0.14387678876664725,0.16253959950058633,0.16732195954839266,director,1,envy,1,1,18
18,modified,13,0.05366291320208595,0.2601656638318598,0.16678839921166813,matcher,1,freedom,0,0,18
18,modified,14,0.18391176825539654,0.1736268280716492,0.11765806774364777,director,1,war,0,0,18
18,modified,15,0.008470364784846031,0.0026397974948659583,0.0017306803824561072,matcher,1,freedom,0,0,18
18,modified,16,0.1673665206179865,0.191111355378287,0.07638406160215241,director,1,freedom,1,1,18
18,modified,17,0.006143812869503589,0.002251719417647835,0.0017481839890339868,matcher,1,reality,0,0,18
18,modified,18,0.04956912504478321,0.20450673110107065,0.05695905905728907,director,1,death,1,1,18
18,modified,19,0.0017830253180539082,0.001238280768506913,0.0007991667258572675,matcher,1,reality,0,0,18
18,modified,20,0.20771148895199726,0.22735611314134133,0.10419912324695466,director,1,freedom,0,0,18
18,modified,21,0.0066075803896643364,0.0029670561826811493,0.0016382180063823735,matcher,0,luck,0,0,18
18,modified,22,0.1088613762776564,0.2531204896814401,0.2969084433010674,director,1,death,0,0,18
18,modified,23,0.04045840234761534,0.15613538006329544,0.0319002774626744,matcher,1,reality,0,0,18
18,modified,24,0.08045914003944003,0.15688497863880033,0.10558646790390978,director,1,fear,0,0,18
18,modified,25,0.0008346697086951281,0.0008459157752868028,0.0006401508484148683,matcher,1,death,0,0,18
18,modified,26,0.15008526494035743,0.18334092013388267,0.09023363469487741,director,1,war,0,0,18
18,modified,27,0.0033557576475093712,0.0033952706665938367,0.002123877671280012,matcher,1,envy,0,0,18
18,modified,28,0.21167265490759182,0.24145892936932453,0.1299858929342944,director,1,freedom,0,0,18
18,modified,29,0.0009875038506309663,0.001777958775448018,0.0008580861967554543,matcher,1,envy,0,0,18
18,modified,30,0.08908725760437516,0.34883557136090537,0.08687738378443796,director,0,luck,1,0,18
18,modified,31,0.0013957167878620033,0.0012764413741060757,0.0009277454889257229,matcher,1,reality,0,0,18
18,modified,32,0.17503783210318577,0.18012200888789828,0.08685111422990832,director,1,anger,0,0,18
18,modified,33,0.06256823677263729,0.1736345831506526,0.12298551486477657,matcher,1,anger,0,0,18
18,modified,34,0.06238525564354188,0.14618140266284074,0.012833759543932306,director,0,fear,0,0,18
18,modified,35,0.0024527039507605958,0.003955815567271477,0.00194144322247277,matcher,0,war,0,0,18
18,modified,36,0.19558902988761404,0.23409371731182452,0.12003615796610584,director,1,freedom,0,0,18
18,modified,37,0.002070580887194968,0.0016762517687789707,0.0007040608699274332,matcher,0,luck,0,0,18
18,modified,38,0.20646888885367856,0.2822678837003316,0.08805880306795182,director,1,freedom,0,0,18
18,modified,39,0.04062952262547239,0.09071827171497376,0.047539767293435065,matcher,1,envy,0,0,18
18,modified,40,0.1121446277173164,0.09901896264648653,0.09659393444816651,director,1,fear,0,0,18
18,modified,41,0.0029268581290852755,0.001617658295280408,0.0009283114444698195,matcher,1,luck,0,0,18
18,modified,42,0.34230086699876633,0.11444241910617654,0.12481143602586785,director,0,envy,0,0,18
18,modified,43,0.010120011898930062,0.010866842174732407,0.00481103011700608,matcher,1,luxury,0,0,18
18,modified,44,0.19862741021033967,0.2411967394955296,0.12272939375877778,director,1,freedom,0,0,18
18,modified,45,0.0009982372326363383,0.0015815742173449527,0.0010105420662574903,matcher,0,luck,0,0,18
18,modified,46,0.13547586900328076,0.30274986102686063,0.062338749946414224,director,1,strength,1,1,18
18,modified,47,0.001271994853687705,0.0029659399412598326,0.0011259527368278031,matcher,1,anger,0,0,18
18,modified,48,0.20405533014463367,0.195834043716412,0.11188860066678698,director,1,war,0,0,18
18,modified,49,0.027299704094032345,0.17647286839782983,0.10656135098628186,matcher,1,death,0,0,18
18,modified,50,0.19924286433598726,0.17027408735797747,0.1057675384210654,director,0,war,0,0,18
18,modified,51,0.0041036093273669515,0.00499567128892542,0.003411449982908475,matcher,1,luck,0,0,18
18,modified,52,0.19535528859858783,0.18937978550129905,0.12000210057142621,director,1,war,0,0,18
18,modified,53,0.0028578008177830615,0.002076809028684163,0.0021657483779471813,matcher,0,envy,0,0,18
18,modified,54,0.21868117738908843,0.09480967121781915,0.09301575012505284,director,1,luxury,1,1,18
18,modified,55,0.01782541971053555,0.016856937103000975,0.039451940494726556,matcher,0,fear,0,0,18
18,modified,56,0.15026390694043804,0.2941818700630449,0.0741776254560935,director,0,strength,0,0,18
19,normal,0,0.1769521935127871,0.22425130885721892,0.11063248134931052,director,0,war,1,0,19
19,normal,1,0.035764260305122884,0.04753671786294659,0.030761730450527023,matcher,1,luck,0,0,19
19,normal,2,0.07240049890428908,0.14732280787251967,0.05356855016941218,director,1,reality,1,1,19
19,normal,3,0.05765488522874389,0.05572936142747543,0.04074226517923146,matcher,0,anger,0,0,19
19,normal,4,0.11668145991365558,0.21732113390851213,0.09489300129034925,director,0,reality,0,0,19
19,normal,5,0.003474181585596072,0.0011019500926121653,0.0009503620096652312,matcher,1,fear,0,0,19
19,normal,6,0.036693624247596875,0.2310248362246156,0.05167640682262289,director,1,anger,1,1,19
19,normal,7,0.09413549694168576,0.033193663142947465,0.045811196400342785,matcher,1,war,0,0,19
19,normal,8,0.042083606800732296,0.23620726115310736,0.1419495860168237,director,1,strength,1,1,19
19,normal,9,0.018615137786513195,0.009896966747647819,0.013307807632794334,matcher,1,fear,0,0,19
19,normal,10,0.22785008928801534,0.1390831339778827,0.057066284937333914,director,0,fear,1,0,19
19,normal,11,0.005408144810393777,0.008274742648333989,0.002537812905352366,matcher,0,luck,0,0,19
19,normal,12,0.04068729334895959,0.27617216909424414,0.18322254738441066,director,0,strength,0,0,19
19,normal,13,0.0012802061240808319,0.003231495532241261,0.001053496366522633,matcher,1,reality,0,0,19
19,normal,14,0.07361728688895675,0.16744398718333403,0.08497099095594196,director,1,envy,1,1,19
19,normal,15,0.006776259861651048,0.006443187527761358,0.010822981602632425,matcher,0,freedom,0,0,19
19,normal,16,0.1937202165638534,0.27240860618413837,0.09540532094553882,director,1,death,1,1,19
19,normal,17,0.0036883390824918854,0.0024400238558990855,0.0007815874421856832,matcher,1,war,0,0,19
19,normal,18,0.10999701110147019,0.1883737941078117,0.08274497287742988,director,1,envy,0,0,19
19,normal,19,0.13376942982813358,0.04382282179912421,0.054907690134113445,matcher,1,fear,0,0,19
19,normal,20,0.16315194835714975,0.26897132670943363,0.10868165388877643,director,1,reality,0,0,19
19,normal,21,0.0013176235114034714,0.001099168085584269,0.0004477887069540861,matcher,1,anger,0,0,19
19,normal,22,0.14541754269458212,0.316609517627565,0.058564026256663265,director,1,luck,1,1,19
19,normal,23,0.0037661281498865976,0.006023776297994066,0.00041495276365690324,matcher,1,luck,0,0,19
19,normal,24,0.12347315585546105,0.1884212453830293,0.09619150171818397,director,1,envy,0,0,19
19,normal,25,0.00514159057222564,0.008052740797852601,0.002285068950374171,matcher,1,freedom,0,0,19
19,normal,26,0.14290000874216746,0.2910899557429892,0.06454695289107988,director,1,luck,0,0,19
19,normal,27,0.00816369006195356,0.011325108690941091,0.005060949443412346,matcher,0,strength,0,0,19
19,normal,28,0.1668337919996981,0.26655466564933566,0.1035529310520933,director,1,reality,0,0,19
19,normal,29,0.012896735362767165,0.002682014131329802,0.001295303384880678,matcher,1,fear,0,0,19
19,normal,30,0.12218183977631522,0.24847583112366298,0.13954233481104236,director,1,war,0,0,19
19,normal,31,0.020986878130768473,0.010181354178019162,0.00897496440246083,matcher,1,anger,0,0,19
19,normal,32,0.19807705913982945,0.2832954968267692,0.12911666854617618,director,0,death,0,0,19
19,normal,33,0.004594958099836163,0.0015994489156575678,0.008314337476159936,matcher,1,anger,0,0,19
19,normal,34,0.2336975465964305,0.15130935206362722,0.1048788895557334,director,0,fear,0,0,19
19,normal,35,0.12975646674084168,0.029113182402010978,0.053653912672890686,matcher,0,luxury,0,0,19
19,normal,36,0.04574802102304048,0.2600823859785891,0.0703426689904582,director,1,anger,0,0,19
19,normal,37,0.002866629599790404,0.005477317922417665,0.0015913714018868134,matcher,1,freedom,0,0,19
19,normal,38,0.12911418904856956,0.15732794110014944,0.15966251909516324,director,1,war,0,0,19
19,normal,39,0.0015588197673216159,0.001369347648319502,0.0007216523921868476,matcher,1,luxury,0,0,19
19,normal,40,0.2558466678819457,0.1283740207611045,0.10387509070201581,director,1,fear,0,0,19
19,normal,41,0.006312580447622343,0.006362066912401406,0.00144417232795784,matcher,0,anger,0,0,19
19,normal,42,0.12558278599245368,0.15930808130797144,0.11721893264307753,director,1,envy,0,0,19
19,normal,43,0.009840050306297558,0.01295765923881723,0.003498002774885111,matcher,0,death,0,0,19
19,normal,44,0.10911214925386004,0.27940574281904756,0.09115342320583773,director,1,luxury,1,1,19
19,normal,45,0.0035106872408848635,0.004114145642968184,0.000686096296687642,matcher,0,luck,0,0,19
19,normal,46,0.22946379162353772,0.2608739991948196,0.10120266086420256,director,1,freedom,1,1,19
19,normal,47,0.009843459047434206,0.013933242241314302,0.006265243047089117,matcher,0,death,0,0,19
19,normal,48,0.169491948486857,0.2768053767587103,0.11807259325892164,director,1,reality,0,0,19
19,normal,49,0.07856285871045818,0.022152488743502282,0.03090655651591248,matcher,0,freedom,0,0,19
19,normal,50,0.16972895117352985,0.1676139210707521,0.114934534976358,director,1,envy,0,0,19
19,normal,51,0.07243852511023993,0.04017256098554745,0.046114643150524805,matcher,1,fear,0,0,19
19,normal,52,0.04967813656796766,0.2729279110918616,0.08364975868676858,director,1,anger,0,0,19
19,normal,53,0.005996390438695439,0.004336411224189479,0.0038267487836647902,matcher,0,strength,0,0,19
19,normal,54,0.04519291553355999,0.29020118731272276,0.14428363555438636,director,1,strength,0,0,19
19,normal,55,0.005163884044307111,0.003186255653941658,0.0027513492970691247,matcher,1,death,0,0,19
19,normal,56,0.12267588945638493,0.1751894580037428,0.11909514464129523,director,1,envy,0,0,19
19,normal,57,0.11274687053276067,0.03793155508160612,0.04341040991826624,matcher,1,reality,0,0,19
19,normal,58,0.1712392559266761,0.24113481135587622,0.17145555713485586,director,1,war,0,0,19
19,normal,59,0.0038676104710283947,0.0026933764881584324,0.001233595677688296,matcher,0,fear,0,0,19
21,normal,0,0.019525525016826615,0.020729044308631574,0.04759840422370769,matcher,1,envy,0,0,21
21,normal,1,0.1541968600690641,0.1104441781619935,0.05197285641685898,director,1,death,1,1,21
21,normal,2,0.0423674392904275,0.02121826675800169,0.017203126387499434,matcher,1,luck,0,0,21
21,normal,3,0.12342652813163349,0.3067460305245884,0.08331149043207006,director,1,strength,1,1,21
21,normal,4,0.0005473420246321785,0.0008708130082895047,0.000788622686034534,matcher,1,death,0,0,21
21,normal,5,0.0732425386384223,0.22832087554640723,0.08393412197807207,director,0,strength,0,0,21
21,normal,6,0.0005828932861051795,0.0006628143213239942,0.0005453670817878203,matcher,0,envy,0,0,21
21,normal,7,0.08402252901608194,0.32940636271009244,0.09336510033027536,director,1,strength,0,0,21
21,normal,8,0.09808275649686997,0.033209329478616975,0.03788336519334561,matcher,0,anger,0,0,21
21,normal,9,0.17625719078911742,0.29320095174269173,0.07240225809246287,director,0,luck,1,0,21
21,normal,10,0.0015230176221655539,0.0011801008626356139,0.0008653109762585741,matcher,0,reality,0,0,21
21,normal,11,0.1196357115151273,0.23852470883307636,0.10666873975653604,director,0,war,1,0,21
21,normal,12,0.0021831161535851296,0.0007379726886349717,0.0008014339175676019,matcher,1,reality,0,0,21
21,normal,13,0.15443996310852467,0.14294042598565418,0.08649998907606592,director,0,envy,1,0,21
21,normal,14,0.0013204856144417474,0.0011999656033404081,0.0006582048469186569,matcher,1,strength,0,0,21
21,normal,15,0.1936014145363628,0.24108840448104912,0.0561598359614585,director,1,reality,1,1,21
21,normal,16,0.0022180062834665174,0.001025771944927022,0.0006331401578376273,matcher,1,reality,0,0,21
21,normal,17,0.1737299427715851,0.22318821136012565,0.11041140792709614,director,0,luxury,1,0,21
21,normal,18,0.0038357212507501353,0.0026377426906278477,0.002033952128133009,matcher,1,death,0,0,21
21,normal,19,0.1579222299106197,0.32637772423082173,0.07430979907071818,director,0,freedom,1,0,21
21,normal,20,0.0009790643268076655,0.0011058866543949568,0.001085844805087905,matcher,1,envy,0,0,21
21,normal,21,0.1801183989480606,0.16879937451356836,0.13343108869923473,director,0,fear,1,0,21
21,normal,22,0.0013011148845469363,0.000915874464333869,0.0006183153162428099,matcher,1,freedom,0,0,21
21,normal,23,0.156054038373037,0.259855890582871,0.08094525019760208,director,0,luxury,0,0,21
21,normal,24,0.008110557565783164,0.010447690703059228,0.005396257734714564,matcher,1,freedom,0,0,21
21,normal,25,0.2744884587337255,0.1568081371060577,0.06766886377259805,director,1,death,0,0,21
21,normal,26,0.0007807457820768272,0.0013955872263569228,0.0007185812613705353,matcher,0,envy,0,0,21
21,normal,27,0.1663619544368962,0.21283175845734773,0.14866691748928648,director,1,war,0,0,21
21,normal,28,0.000940532136580772,0.0029101627946287924,0.0007029380419853255,matcher,1,freedom,0,0,21
21,normal,29,0.18321121013813044,0.17516616490722284,0.1400201583878605,director,0,fear,0,0,21
21,normal,30,0.0014023446938291118,0.0009649896855061386,0.0009560160446209739,matcher,0,envy,0,0,21
21,normal,31,0.1805414661751991,0.24534336197135356,0.10337261851689294,director,1,luck,0,0,21
21,normal,32,0.001188730906308335,0.001172336634743428,0.0009771925900318983,matcher,1,death,0,0,21
21,normal,33,0.16352283711994137,0.24625843087942262,0.0504345459521908,director,1,reality,0,0,21
21,normal,34,0.01883321796292358,0.030574523741848807,0.003996386881252336,matcher,0,luck,0,0,21
21,normal,35,0.23973535753316147,0.17096037828330282,0.09750109013393199,director,0,envy,0,0,21
21,normal,36,0.014509469879374248,0.007563598801051615,0.00415832245716155,matcher,1,death,0,0,21
21,normal,37,0.20815911557029954,0.3555338933149606,0.09218585145824028,director,1,luxury,0,0,21
21,normal,38,0.0013615370061809543,0.0007206547387215786,0.0007311471405550995,matcher,1,war,0,0,21
21,normal,39,0.2009862674450305,0.21082000417508645,0.12394396354082918,director,1,war,0,0,21
21,normal,40,0.0008920578132825634,0.0004662656210327294,0.00040403297882513403,matcher,1,fear,0,0,21
21,normal,41,0.18002272153806617,0.27158724852970584,0.0842989632235188,director,0,luck,0,0,21
21,normal,42,0.0006236339708249555,0.0008654535558980025,0.001850788930499277,matcher,1,fear,0,0,21
21,normal,43,0.181002079168382,0.36512988991058665,0.07541049109668317,director,1,luxury,0,0,21
21,normal,44,0.0005739449331631821,0.0006406883912594193,0.0007395126289828966,matcher,0,fear,0,0,21
21,normal,45,0.15745368517834685,0.2195121372033653,0.15304279580986466,director,0,war,0,0,21
21,normal,46,0.07864098704209126,0.07715382808249985,0.020138589193751857,matcher,0,reality,0,0,21
21,normal,47,0.183151639410537,0.2636694533222296,0.07359538018651907,director,1,luck,0,0,21
21,normal,48,0.0004990104270028015,0.0007134593642732762,0.0006764193921248527,matcher,0,war,0,0,21
21,normal,49,0.13428117703537532,0.33535364872667367,0.09862260173637907,director,0,strength,0,0,21
21,normal,50,0.0010016709999554527,0.0016128110438979695,0.0011791262253370587,matcher,1,freedom,0,0,21
21,normal,51,0.1568281765049386,0.15252990909493974,0.19118757527120678,director,1,war,0,0,21
21,normal,52,0.0006804735364622221,0.0007272817689808058,0.0006480892212048137,matcher,1,fear,0,0,21
21,normal,53,0.1984328040257976,0.26741530245443407,0.0716410027276931,director,1,luck,0,0,21
21,normal,54,0.00039297224080282603,0.0007877449295618705,0.0006763137362102141,matcher,1,anger,0,0,21
21,normal,55,0.12989477392876198,0.19573257176239137,0.0995807787764661,director,0,fear,0,0,21
21,normal,56,0.0029770206292752117,0.0021130517195737364,0.001481322847777749,matcher,0,war,0,0,21
21,normal,57,0.13677659365027156,0.3024298723146359,0.1228763912870177,director,1,strength,0,0,21
21,normal,58,0.0006691314142467327,0.0009477375965228436,0.0006308509446687758,matcher,0,envy,0,0,21
21,normal,59,0.14050432748255512,0.3000831292844945,0.11898695905751168,director,1,strength,0,0,21
22,modified,0,0.09808217201166178,0.3567646920073402,0.07862247842418711,director,0,death,1,0,22
22,modified,1,0.026415099034433714,0.08926882896712111,0.015229619846179286,matcher,0,strength,0,0,22
22,modified,2,0.10064294253840896,0.34047141846205115,0.06586526291602446,director,1,fear,1,1,22
22,modified,3,0.005870130404971071,0.009336086412610191,0.006916248209216138,matcher,0,death,0,0,22
22,modified,4,0.17466830965373067,0.20694073524087525,0.13717100023027365,director,0,reality,1,0,22
22,modified,5,0.030648433357522986,0.16508109441783714,0.022168438548748136,matcher,1,luck,0,0,22
22,modified,6,0.08683668594850852,0.45358790195032533,0.18455982099933838,director,1,war,1,1,22
22,modified,7,0.06634873453876078,0.15638293066308676,0.07577160642649625,matcher,1,luck,0,0,22
22,modified,8,0.12316968144202599,0.21738450495575942,0.16926130314195129,director,1,envy,1,1,22
22,modified,9,0.04007820947395155,0.19383029106649444,0.16534339138274218,matcher,0,luxury,0,0,22
22,modified,10,0.03666225459446463,0.38731192512322243,0.08863499184557996,director,1,anger,1,1,22
22,modified,11,0.006987617675558646,0.0032395724648452777,0.01072500732372987,matcher,0,strength,0,0,22
22,modified,12,0.19829279174739,0.2549926489870757,0.228646867674382,director,1,war,0,0,22
22,modified,13,0.035708494985079095,0.03151009169718456,0.013317728887574706,matcher,1,envy,0,0,22
22,modified,14,0.2708765723053977,0.23466390907269338,0.19286830609895556,director,1,fear,0,0,22
22,modified,15,0.08479354683607387,0.16471953616916798,0.0735134689890488,matcher,1,anger,0,0,22
22,modified,16,0.13732780428580646,0.25379506574882477,0.08683104365887986,director,1,death,0,0,22
22,modified,17,0.016054582044441244,0.1822648193717188,0.09514830820891472,matcher,1,luck,0,0,22
22,modified,18,0.2809096298222966,0.286604282243491,0.16778062651921513,director,1,fear,0,0,22
22,modified,19,0.06421292140230904,0.02265756220551661,0.027842355793305417,matcher,1,anger,0,0,22
22,modified,20,0.2181937595929742,0.30124207712522766,0.20028651565597938,director,1,war,0,0,22
22,modified,21,0.020655538301507917,0.003419392283321717,0.015517042715458545,matcher,1,anger,0,0,22
22,modified,22,0.1243641891157118,0.2702637610662934,0.09990050397689934,director,1,luck,1,1,22
22,modified,23,0.015977519314554996,0.004218477568372326,0.0021410780820244574,matcher,1,envy,0,0,22
22,modified,24,0.28242315918148875,0.38988241287551006,0.14758641054603625,director,1,freedom,1,1,22
22,modified,25,0.01542312707763124,0.008508911199671341,0.012201894884121541,matcher,1,fear,0,0,22
22,modified,26,0.33306553612127615,0.2848498002639986,0.20001950086850215,director,1,fear,0,0,22
22,modified,27,0.10802457855664688,0.1425187300341549,0.06008754475957961,matcher,1,fear,0,0,22
22,modified,28,0.14059523888939834,0.30062791993003973,0.27905740342058244,director,1,envy,0,0,22
22,modified,29,0.12473140597702044,0.07151632650803641,0.0669920391605876,matcher,1,strength,0,0,22
22,modified,30,0.22844376386664356,0.2564652747073045,0.23059002045573151,director,1,war,0,0,22
22,modified,31,0.0011171325939974572,0.0005850725953031843,0.000781595342903951,matcher,1,freedom,0,0,22
22,modified,32,0.35587777838957957,0.36108122991723685,0.2525321734233343,director,1,reality,0,0,22
22,modified,33,0.0004702933665442731,0.0008445799704628201,0.0005737289146567458,matcher,1,fear,0,0,22
22,modified,34,0.3101131519346592,0.36479509225746537,0.16002433274127448,director,1,freedom,0,0,22
22,modified,35,0.18502717401947047,0.14744095928983786,0.07715532113590688,matcher,1,anger,0,0,22
22,modified,36,0.07223093930587161,0.3629192696836639,0.058694331699433805,director,1,strength,1,1,22
22,modified,37,0.15417549294394908,0.12396591914674823,0.05490177988425323,matcher,1,anger,0,0,22
22,modified,38,0.08274223763796963,0.2355462474492602,0.07618460055392066,director,1,anger,0,0,22
22,modified,39,0.0004988511555206729,0.0013135255562619524,0.00123644670181922,matcher,1,reality,0,0,22
22,modified,40,0.19008311843754352,0.1470199274443185,0.1360081368341758,director,0,luxury,1,0,22
22,modified,41,0.019788418721010115,0.010711202383975537,0.009358515808701678,matcher,1,strength,0,0,22
22,modified,42,0.2070098814273321,0.2660027938300696,0.2290261555958254,director,1,war,0,0,22
22,modified,43,0.1701239331435281,0.10895886933959474,0.04736233977921087,matcher,0,war,0,0,22
22,modified,44,0.2942354470047124,0.28208680738234515,0.17175186609113013,director,1,fear,0,0,22
22,modified,45,0.0007211547786881156,0.0002937762935716541,0.0004035830305286166,matcher,1,reality,0,0,22
22,modified,46,0.17298329046420582,0.252294603677556,0.05424196175279593,director,1,death,0,0,22
22,modified,47,0.001490017701113966,0.0024287082044046676,0.001651759510680513,matcher,1,death,0,0,22
23,normal,1,0.04234345809926218,0.13339141217022774,0.06670833093011165,director,1,Hello World,0,0,23
23,normal,2,0.027884550912549926,0.029055924468413562,0.013124742450720888,matcher,0,envy,0,0,23
23,normal,3,0.1209476152691252,0.24036478886842036,0.0357285280265011,director,1,death,1,1,23
23,normal,4,0.03746556337055046,0.03698707067863295,0.014001712519652848,matcher,1,death,0,0,23
23,normal,5,0.18717796585282215,0.26195647155795093,0.03681785900905544,director,1,death,0,0,23
23,normal,6,0.002546504266843077,0.0023636765196885126,0.0014652950414871648,matcher,1,anger,0,0,23
23,normal,7,0.14386442003908048,0.28273937748004374,0.03361532293321117,director,1,death,0,0,23
23,normal,8,0.0050736272774018695,0.0027608278645274414,0.0022921013215639967,matcher,1,fear,0,0,23
23,normal,9,0.20768058344559626,0.2979588779597735,0.06149646560250384,director,0,luxury,1,0,23
23,normal,10,0.0026191349852975427,0.0017692466511237198,0.001285633177192028,matcher,1,death,0,0,23
23,normal,11,0.12714262743250396,0.27846328794529623,0.05388115119326149,director,0,envy,1,0,23
23,normal,12,0.0462114321785783,0.25237387291006125,0.07714723420306979,matcher,1,anger,0,0,23
23,normal,13,0.14484179226414587,0.31830123494150603,0.040660079366258844,director,1,luxury,0,0,23
23,normal,14,0.00268215266963628,0.002695327680946457,0.0013644763839652319,matcher,1,death,0,0,23
23,normal,15,0.08306379313903417,0.09099079950719563,0.030453206877312716,director,1,fear,1,1,23
23,normal,16,0.0068810819609526,0.002375685988997263,0.0014186574166281344,matcher,1,luxury,0,0,23
23,normal,17,0.37447979400776876,0.42089066481019083,0.16358447049411753,director,1,freedom,1,1,23
23,normal,18,0.002462605264257516,0.0023115810145430877,0.001024114918626917,matcher,1,luxury,0,0,23
23,normal,19,0.14263661923813223,0.3154280080945046,0.048344337703327085,director,0,strength,1,0,23
23,normal,20,0.0031728373251484233,0.0012037661942954072,0.0011609194663963385,matcher,1,strength,0,0,23
23,normal,21,0.12290530284841354,0.21539453175916043,0.04242247398528648,director,1,anger,1,1,23
23,normal,22,0.004561926470355039,0.008440552677562461,0.0011582438364539749,matcher,1,anger,0,0,23
23,normal,23,0.1667586206369907,0.275534505631771,0.045299099925931376,director,1,death,0,0,23
23,normal,24,0.0034469343662831657,0.0014112505461669994,0.0018223139252969884,matcher,0,reality,0,0,23
23,normal,25,0.05656110693942532,0.08124209879013826,0.04219476260770747,director,1,fear,0,0,23
23,normal,26,0.0016542104942833171,0.0014507057380600639,0.0018640381763305217,matcher,1,freedom,0,0,23
23,normal,27,0.24208008808440576,0.27335918929915914,0.04101468278116966,director,0,reality,1,0,23
23,normal,28,0.0035407700106206614,0.0020606259042919173,0.0027816383860866864,matcher,0,envy,0,0,23
23,normal,29,0.08646297642114951,0.24598700085895994,0.039837097485129355,director,1,anger,0,0,23
23,normal,30,0.0038497558917502546,0.016302026071290995,0.0022051064460718683,matcher,1,reality,0,0,23
23,normal,31,0.18775744065184005,0.2825636323004597,0.04006025728320963,director,1,death,0,0,23
23,normal,32,0.0012524359943781537,0.0030099656492215596,0.0014055001027548646,matcher,1,death,0,0,23
23,normal,33,0.21101791792889188,0.3107136723208433,0.057081760438363854,director,1,luck,1,1,23
23,normal,34,0.004499825457652344,0.0009959306968989287,0.0022667565472107333,matcher,1,luxury,0,0,23
23,normal,35,0.2053289095815537,0.34194361225679487,0.05026651324722272,director,1,luxury,0,0,23
23,normal,36,0.0035632042799351245,0.0018943862971960268,0.0017597513328721454,matcher,0,envy,0,0,23
23,normal,37,0.18283335994285113,0.3286142418746891,0.05911878394226795,director,0,envy,0,0,23
23,normal,38,0.0036480175937651615,0.0024824879133428326,0.001990874548945138,matcher,1,fear,0,0,23
23,normal,39,0.06254463913919803,0.2562790464715189,0.020755189750597505,director,1,anger,0,0,23
23,normal,40,0.0009732019754433572,0.0024606134399081134,0.0018672566290800277,matcher,1,anger,0,0,23
23,normal,41,0.20839744933075952,0.324616434983448,0.06662280514750842,director,1,luxury,0,0,23
23,normal,42,0.0022941661400657336,0.0013178001628195944,0.0014268784181406132,matcher,0,freedom,0,0,23
23,normal,43,0.19851818638925578,0.33567663108103746,0.0599681063806297,director,1,luxury,0,0,23
23,normal,44,0.0019198262114631338,0.002060563992860078,0.001682786987117162,matcher,1,luxury,0,0,23
23,normal,45,0.15747251399312187,0.28925692402887815,0.05734680931607019,director,1,strength,0,0,23
23,normal,46,0.001447280591554219,0.0033531816254007713,0.0009983511149286443,matcher,1,strength,0,0,23
23,normal,47,0.23957332381285454,0.3231704804328878,0.026506900373171292,director,1,reality,0,0,23
23,normal,48,0.004407451298900987,0.003024750279567168,0.0025916819598441453,matcher,0,envy,0,0,23
23,normal,49,0.21813022681164185,0.2636083699125847,0.047081213472175434,director,1,reality,0,0,23
23,normal,50,0.008251425759798014,0.002398144481465412,0.001964236376386469,matcher,1,fear,0,0,23
23,normal,51,0.09940384811685397,0.17320234341671836,0.024406346500831233,director,1,war,1,1,23
23,normal,52,0.0015677708316472372,0.005683980460080103,0.0025870929732161813,matcher,0,freedom,0,0,23
23,normal,53,0.21424176814116366,0.3662013149627461,0.07094583206167665,director,0,envy,0,0,23
23,normal,54,0.003329601709838242,0.00331664784811122,0.0014329908216442026,matcher,1,strength,0,0,23
23,normal,55,0.1443693452222438,0.28371737804394154,0.057164876497861894,director,1,strength,0,0,23
23,normal,56,0.0021484365324115694,0.0008961432688425158,0.002414407360668885,matcher,1,strength,0,0,23
23,normal,57,0.18891055894836065,0.3164429155456668,0.07399096984220357,director,1,luxury,0,0,23
23,normal,58,0.00647056762996582,0.004268309181756847,0.004155515065470439,matcher,0,envy,0,0,23
23,normal,59,0.08946498128991853,0.2213104454378767,0.030734990871442137,director,1,fear,0,0,23
23,normal,60,0.0017094053484762665,0.0014169341041711592,0.0011029225226562673,matcher,1,strength,0,0,23
23,normal,61,0.10304861104028007,0.1989215565353437,0.023907747460244204,director,1,anger,0,0,23
23,normal,62,0.004111714041525144,0.0030702777924312306,0.0009704340792692885,matcher,1,luxury,0,0,23
23,normal,63,0.22315214188307125,0.28373910186408136,0.058081551123308095,director,1,luck,0,0,23
23,normal,64,0.02111337654226836,0.2298655828879261,0.134113060366517,matcher,1,luxury,0,0,23
23,normal,65,0.1597659139632838,0.24363175502334797,0.08703182767712776,director,1,strength,0,0,23
23,normal,66,0.0020945522912121455,0.0005930714864852238,0.0015738406113465727,matcher,1,anger,0,0,23
23,normal,67,0.19051918285289032,0.2986379648071134,0.0770689072971759,director,1,envy,0,0,23
23,normal,68,0.0014727719670616535,0.0010025529869432778,0.0007720979222189553,matcher,1,fear,0,0,23
23,normal,69,0.34724525232161524,0.2788581604237925,0.07191304108342882,director,1,luck,0,0,23
23,normal,70,0.001045170690504926,0.0020408786157313083,0.0014303676466166807,matcher,1,death,0,0,23
23,normal,71,0.13023317212158722,0.22147287875357166,0.06938979268591527,director,1,war,0,0,23
23,normal,72,0.012662578303942991,0.005717786016733618,0.0025286444679248976,matcher,1,luck,0,0,23
23,normal,73,0.1792592470149189,0.2705970098399073,0.07265389196687397,director,0,death,0,0,23
24,modified,0,0.08065726496415973,0.09730141572002451,0.1271983520563915,director,1,war,1,0,24
24,modified,1,0.10189858519956613,0.018848476325284646,0.08626792192058924,matcher,1,death,0,0,24
24,modified,2,0.10420038001355812,0.08826390814404288,0.10564905547983235,director,1,war,0,0,24
24,modified,3,0.1152045434451083,0.07545415708033659,0.032213219910418256,matcher,1,death,0,0,24
24,modified,4,0.1387208298894405,0.36336749519137146,0.048720688171229834,director,1,freedom,1,1,24
24,modified,5,0.001922647549557922,0.0012274420200054845,0.0009544026825915406,matcher,1,reality,0,0,24
24,modified,6,0.11838210093505795,0.2124095876737985,0.12313404262445643,director,0,war,0,0,24
24,modified,7,0.02080734913716963,0.008805777560566622,0.0057112538170707655,matcher,0,luck,0,0,24
24,modified,8,0.08486732193890142,0.226747295255114,0.12337502759713256,director,1,anger,1,1,24
24,modified,9,0.03451647450993532,0.022458297217039378,0.009065081234557506,matcher,1,fear,0,0,24
24,modified,10,0.20598413761028617,0.3047694254601465,0.08186940293281349,director,0,freedom,0,0,24
24,modified,11,0.006894076798972421,0.014140889841879912,0.009311462256936848,matcher,1,strength,0,0,24
24,modified,12,0.12862431617274023,0.305572172511642,0.07497107430097537,director,1,luck,1,1,24
24,modified,13,0.020740825119611284,0.00800987937877192,0.002648688617049328,matcher,0,war,0,0,24
24,modified,14,0.18946909941646592,0.17957131552885539,0.05385146825832179,director,1,death,1,1,24
24,modified,15,0.05871219222586161,0.016296940267066337,0.012428419123311654,matcher,1,war,0,0,24
24,modified,16,0.16131427407804955,0.10218452480068176,0.09449283129021652,director,1,fear,1,1,24
24,modified,17,0.004363251809073151,0.0016032066323826122,0.0010547977635055477,matcher,1,fear,0,0,24
24,modified,18,0.0802731134181365,0.17899821154185272,0.21665547533123866,director,1,envy,1,1,24
24,modified,19,0.0009127423582270194,0.0019093804150812016,0.0010167295058655693,matcher,1,fear,0,0,24
24,modified,20,0.13653055385680993,0.2202577301107634,0.14359617669983477,director,1,war,0,0,24
24,modified,21,0.0006632863051443381,0.0018065928461676697,0.001122390800082099,matcher,1,war,0,0,24
24,modified,22,0.1648532508915355,0.13405886713109622,0.17818070545822143,director,1,envy,0,0,24
24,modified,23,0.0019967876569901575,0.0006663614722897653,0.0004927656148855233,matcher,1,fear,0,0,24
24,modified,24,0.09360938014466284,0.21029191740794864,0.09102548067850538,director,0,luck,0,0,24
24,modified,25,0.0010356093826512374,0.0017381766946292967,0.0007598883218017434,matcher,0,envy,0,0,24
24,modified,26,0.18503031591153857,0.1964634717517352,0.1737282469129829,director,1,envy,0,0,24
24,modified,27,0.00753944025694641,0.0012553899918288172,0.001751875489491742,matcher,1,war,0,0,24
24,modified,28,0.2014278209614608,0.2446692376789685,0.1528962377150084,director,1,reality,1,1,24
24,modified,29,0.04521473895250443,0.0045688252424810815,0.019862317934005433,matcher,0,luxury,0,0,24
24,modified,30,0.14067104111289844,0.1838097528930967,0.15606063901900927,director,1,anger,0,0,24
24,modified,31,0.002344378054281475,0.001409468667713569,0.0011243684457656028,matcher,0,luck,0,0,24
24,modified,32,0.17165057655184243,0.1961870345161752,0.05452051780959569,director,1,death,0,0,24
24,modified,33,0.006425556147368914,0.004436836421980268,0.001676908867109468,matcher,1,death,0,0,24
24,modified,34,0.17795480297550476,0.15147860647479292,0.06524716265323437,director,0,luck,0,0,24
24,modified,35,0.0008203589712185451,0.0013758248413090904,0.0008908914808038726,matcher,1,strength,0,0,24
24,modified,36,0.14311539271423115,0.1382700343420396,0.13228270128351088,director,0,anger,0,0,24
24,modified,37,0.0020637857183307957,0.000959660227508605,0.0006018334922785208,matcher,1,fear,0,0,24
24,modified,38,0.23968822571276294,0.08882061639499035,0.24382162452515102,director,0,envy,0,0,24
24,modified,39,0.0017279233152804534,0.0013210611247302603,0.0009253478812343407,matcher,0,envy,0,0,24
24,modified,40,0.20589980092484883,0.06734036761565507,0.056868347766771445,director,1,fear,0,0,24
24,modified,41,0.004578113066927833,0.0009313322510812319,0.0009403618215977716,matcher,1,luck,0,0,24
24,modified,42,0.15718926122717652,0.16297415248418712,0.14582235212394437,director,1,war,0,0,24
24,modified,43,0.006152807470034593,0.0014888695146557038,0.0013814434430227628,matcher,1,anger,0,0,24
24,modified,44,0.22327500040764742,0.1502455444836605,0.07082751070915433,director,1,death,0,0,24
24,modified,45,0.0020114172982050797,0.0013085742944956523,0.0007533039166163534,matcher,1,anger,0,0,24
24,modified,46,0.1847577733676242,0.06225056298233115,0.18106846093251805,director,1,envy,0,0,24
24,modified,47,0.0016799272821864833,0.0017867637786197113,0.001394337695571491,matcher,1,death,0,0,24
24,modified,48,0.17169778605953906,0.3669518806800305,0.08225776231457552,director,0,strength,1,0,24
24,modified,49,0.0033603108859946162,0.0017719075243653685,0.0012459590663210923,matcher,1,anger,0,0,24
24,modified,50,0.20721385622903318,0.07681899308867329,0.19702683313151384,director,1,envy,0,0,24
24,modified,51,0.012061059768297898,0.0024061733731033396,0.0022227897434737927,matcher,1,war,0,0,24
24,modified,52,0.20148688680601157,0.15766534630290774,0.045548101291522425,director,0,luxury,1,0,24
24,modified,53,0.003424587761223267,0.0021097034293381814,0.0015294130457933215,matcher,0,reality,0,0,24
24,modified,54,0.0663590719517444,0.2472750010469231,0.1363676129303286,director,1,anger,0,0,24
24,modified,55,0.0010510674919097134,0.0012999441001025093,0.0007936898095291741,matcher,1,anger,0,0,24
24,modified,56,0.14240957217721645,0.19934147854053438,0.1451377368022242,director,1,war,0,0,24
24,modified,57,0.0009753824630524328,0.0017243257226392482,0.001261313837206101,matcher,1,envy,0,0,24
24,modified,58,0.33709527977655585,0.2309414682142401,0.14696685234817114,director,1,reality,0,0,24
24,modified,59,0.001337165965092618,0.0014362859224893271,0.0011330092903662496,matcher,1,envy,0,0,24
24,modified,60,0.1981061954956293,0.27815395650916785,0.04385627940229083,director,1,strength,0,0,24
24,modified,61,0.002540610866069071,0.001941170333284449,0.0010576365413989474,matcher,0,war,0,0,24
24,modified,62,0.13095563476110136,0.20025961727943842,0.14855273877133823,director,1,anger,0,0,24
24,modified,63,0.03255713279397945,0.03640317522033883,0.17694922554033912,matcher,0,envy,0,0,24
25,modified,1,0.07538281167689187,0.21660185529738454,0.11393979916693019,director,1,envy,1,1,25
25,modified,2,0.012800275567326665,0.005348446572013025,0.003086995744595792,matcher,1,freedom,0,0,25
25,modified,3,0.17543992157334812,0.1934577252691781,0.053137858931242045,director,1,death,1,1,25
25,modified,4,0.04453628453759888,0.11221087880325409,0.044043633348174065,matcher,1,strength,0,0,25
25,modified,5,0.1864208093194494,0.24440908088419988,0.13985225502468301,director,1,reality,1,1,25
25,modified,6,0.010099348170720007,0.00401300551077873,0.00221075175876367,matcher,1,war,0,0,25
25,modified,7,0.2839134247647454,0.2247078664995459,0.1183542212627815,director,1,freedom,1,1,25
25,modified,8,0.060126435931768425,0.01517652419176054,0.007384505048084162,matcher,1,anger,0,0,25
25,modified,9,0.16939529631053815,0.23705137982903746,0.16108062092511657,director,0,reality,0,0,25
25,modified,10,0.01074925058645271,0.010338234360299852,0.002919344946411837,matcher,1,reality,0,0,25
25,modified,11,0.09570942051703552,0.2179033173909403,0.14177081417711368,director,1,strength,1,1,25
25,modified,12,0.11655632560231327,0.021354626749830893,0.028431217570444665,matcher,1,war,0,0,25
25,modified,13,0.11343047804900669,0.23019581264534356,0.1350686559622984,director,1,strength,0,0,25
25,modified,14,0.06161964202086093,0.010811143790990529,0.019927074373873557,matcher,1,freedom,0,0,25
25,modified,15,0.18880241496875008,0.1763222820737803,0.17009373991351012,director,1,freedom,0,0,25
25,modified,16,0.016895163540283625,0.011346551043762467,0.008779573294019506,matcher,1,death,0,0,25
25,modified,17,0.09710810755660432,0.18524216352193554,0.15758453342376463,director,1,strength,0,0,25
25,modified,18,0.00408567621328076,0.003497469105180632,0.0007881228924544687,matcher,1,war,0,0,25
25,modified,19,0.0745921317218577,0.11355914544766127,0.17482443272182427,director,1,fear,1,1,25
25,modified,20,0.004673429545720175,0.003866142780247267,0.0012165380931204166,matcher,1,war,0,0,25
25,modified,21,0.14730006348085803,0.15508801461056176,0.1311289883203819,director,1,death,0,0,25
25,modified,22,0.004888423088019589,0.015260739178257543,0.0015277963227983127,matcher,1,war,0,0,25
25,modified,23,0.1428047138118073,0.17695299505790854,0.08004536294184522,director,1,death,0,0,25
25,modified,24,0.007593773747688602,0.02371764061068117,0.005317753533444385,matcher,1,luxury,0,0,25
25,modified,25,0.15722733241006182,0.2837455197805951,0.11777784267140107,director,0,reality,0,0,25
25,modified,26,0.00145886535547594,0.0009430449812897997,0.0008541657862400081,matcher,1,war,0,0,25
25,modified,27,0.05912160540805115,0.13314531009428487,0.16802058920012208,director,1,fear,0,0,25
25,modified,28,0.004966541295533163,0.0024744764987492023,0.0007383168228980989,matcher,1,fear,0,0,25
25,modified,29,0.07183457868326905,0.15036498418892635,0.16434368090532542,director,1,fear,0,0,25
25,modified,30,0.07480318393411119,0.1634056037930917,0.11912904051682544,matcher,1,war,0,0,25
25,modified,31,0.05814789264624716,0.15454545876424533,0.17989045178042395,director,1,fear,0,0,25
25,modified,32,0.0028347532680784242,0.0013599185608150224,0.0008832003653436152,matcher,1,anger,0,0,25
25,modified,33,0.19094676988196504,0.22124583077701737,0.14780137067865284,director,1,freedom,0,0,25
25,modified,34,0.0009783332132259435,0.0023707768232214465,0.0013271951387322331,matcher,1,strength,0,0,25
25,modified,35,0.06134500170254957,0.1840029303707677,0.06583820533821061,director,0,luxury,1,0,25
25,modified,36,0.009462144710157754,0.005843637989956833,0.0018205927583311596,matcher,1,strength,0,0,25
25,modified,37,0.180731812645635,0.24964478077788926,0.10406449148239294,director,1,freedom,0,0,25
25,modified,38,0.010155225008496482,0.009800286762434081,0.003413082388010844,matcher,1,envy,0,0,25
25,modified,39,0.13480174994012611,0.14165219968120404,0.11820481354216596,director,1,war,1,1,25
25,modified,40,0.02593085126412696,0.0017482482475003724,0.0019223600466086288,matcher,1,reality,0,0,25
25,modified,41,0.0812583492927504,0.18386105230492428,0.1395583786409726,director,1,anger,1,1,25
25,modified,42,0.0076394676679887395,0.009350956702631539,0.003105129685452315,matcher,0,fear,0,0,25
25,modified,43,0.20424731210953367,0.23659768383869803,0.12148169209716882,director,1,freedom,0,0,25
